image_names,roi,umap_x,umap_y,image_path,AF488_imagepath,AF555_imagepath,AF647_imagepath,AF750_imagepath,DAPI_imagepath
BOMI1_1_ostmanpanel_1-ImageExport-01_DAPI_ORG_roi107_8,roi107,9.500217,8.373235,/Users/gantug/Pictures/wallpapers/pc.jpeg,/Users/gantug/Pictures/wallpapers/csgo.jpeg,/Users/gantug/Pictures/wallpapers/discovery.jpeg,/Users/gantug/Pictures/wallpapers/walle.jpeg,/Users/gantug/Pictures/wallpapers/metro.jpeg,/Users/gantug/Pictures/wallpapers/hedwig.jpeg
BOMI1_1_ostmanpanel_1-ImageExport-01_DAPI_ORG_roi067_243,roi067,-0.86515635,10.413899,/Users/gantug/Pictures/wallpapers/pc.jpeg,/Users/gantug/Pictures/wallpapers/csgo.jpeg,/Users/gantug/Pictures/wallpapers/discovery.jpeg,/Users/gantug/Pictures/wallpapers/walle.jpeg,/Users/gantug/Pictures/wallpapers/metro.jpeg,/Users/gantug/Pictures/wallpapers/hedwig.jpeg
BOMI1_1_ostmanpanel_1-ImageExport-01_DAPI_ORG_roi007_187,roi007,14.31791,1.3367584,/Users/gantug/Pictures/wallpapers/pc.jpeg,/Users/gantug/Pictures/wallpapers/csgo.jpeg,/Users/gantug/Pictures/wallpapers/discovery.jpeg,/Users/gantug/Pictures/wallpapers/walle.jpeg,/Users/gantug/Pictures/wallpapers/metro.jpeg,/Users/gantug/Pictures/wallpapers/hedwig.jpeg
BOMI1_1_ostmanpanel_1-ImageExport-01_DAPI_ORG_roi058_182,roi058,8.033822,-0.5059614,/Users/gantug/Pictures/wallpapers/pc.jpeg,/Users/gantug/Pictures/wallpapers/csgo.jpeg,/Users/gantug/Pictures/wallpapers/discovery.jpeg,/Users/gantug/Pictures/wallpapers/walle.jpeg,/Users/gantug/Pictures/wallpapers/metro.jpeg,/Users/gantug/Pictures/wallpapers/hedwig.jpeg
BOMI1_1_ostmanpanel_1-ImageExport-01_DAPI_ORG_roi037_136,roi037,8.396231,-0.19500616,/Users/gantug/Pictures/wallpapers/pc.jpeg,/Users/gantug/Pictures/wallpapers/csgo.jpeg,/Users/gantug/Pictures/wallpapers/discovery.jpeg,/Users/gantug/Pictures/wallpapers/walle.jpeg,/Users/gantug/Pictures/wallpapers/metro.jpeg,/Users/gantug/Pictures/wallpapers/hedwig.jpeg
BOMI1_1_ostmanpanel_1-ImageExport-01_DAPI_ORG_roi032_246,roi032,9.492937,8.214847,/Users/gantug/Pictures/wallpapers/pc.jpeg,/Users/gantug/Pictures/wallpapers/csgo.jpeg,/Users/gantug/Pictures/wallpapers/discovery.jpeg,/Users/gantug/Pictures/wallpapers/walle.jpeg,/Users/gantug/Pictures/wallpapers/metro.jpeg,/Users/gantug/Pictures/wallpapers/hedwig.jpeg
BOMI1_1_ostmanpanel_1-ImageExport-01_DAPI_ORG_roi001_17,roi001,-2.1992216,0.3547408,/Users/gantug/Pictures/wallpapers/pc.jpeg,/Users/gantug/Pictures/wallpapers/csgo.jpeg,/Users/gantug/Pictures/wallpapers/discovery.jpeg,/Users/gantug/Pictures/wallpapers/walle.jpeg,/Users/gantug/Pictures/wallpapers/metro.jpeg,/Users/gantug/Pictures/wallpapers/hedwig.jpeg
BOMI1_1_ostmanpanel_1-ImageExport-01_DAPI_ORG_roi026_188,roi026,6.7894993,-1.7842618,/Users/gantug/Pictures/wallpapers/pc.jpeg,/Users/gantug/Pictures/wallpapers/csgo.jpeg,/Users/gantug/Pictures/wallpapers/discovery.jpeg,/Users/gantug/Pictures/wallpapers/walle.jpeg,/Users/gantug/Pictures/wallpapers/metro.jpeg,/Users/gantug/Pictures/wallpapers/hedwig.jpeg
BOMI1_1_ostmanpanel_1-ImageExport-01_DAPI_ORG_roi102_206,roi102,9.1379175,6.6090045,/Users/gantug/Pictures/wallpapers/pc.jpeg,/Users/gantug/Pictures/wallpapers/csgo.jpeg,/Users/gantug/Pictures/wallpapers/discovery.jpeg,/Users/gantug/Pictures/wallpapers/walle.jpeg,/Users/gantug/Pictures/wallpapers/metro.jpeg,/Users/gantug/Pictures/wallpapers/hedwig.jpeg
BOMI1_1_ostmanpanel_1-ImageExport-01_DAPI_ORG_roi087_53,roi087,13.08811,4.656391,/Users/gantug/Pictures/wallpapers/pc.jpeg,/Users/gantug/Pictures/wallpapers/csgo.jpeg,/Users/gantug/Pictures/wallpapers/discovery.jpeg,/Users/gantug/Pictures/wallpapers/walle.jpeg,/Users/gantug/Pictures/wallpapers/metro.jpeg,/Users/gantug/Pictures/wallpapers/hedwig.jpeg
BOMI1_1_ostmanpanel_1-ImageExport-01_DAPI_ORG_roi012_4,roi012,-2.3730102,1.1361355,/Users/gantug/Pictures/wallpapers/pc.jpeg,/Users/gantug/Pictures/wallpapers/csgo.jpeg,/Users/gantug/Pictures/wallpapers/discovery.jpeg,/Users/gantug/Pictures/wallpapers/walle.jpeg,/Users/gantug/Pictures/wallpapers/metro.jpeg,/Users/gantug/Pictures/wallpapers/hedwig.jpeg
BOMI1_1_ostmanpanel_1-ImageExport-01_DAPI_ORG_roi070_57,roi070,-4.2546372,-1.3219105,/Users/gantug/Pictures/wallpapers/pc.jpeg,/Users/gantug/Pictures/wallpapers/csgo.jpeg,/Users/gantug/Pictures/wallpapers/discovery.jpeg,/Users/gantug/Pictures/wallpapers/walle.jpeg,/Users/gantug/Pictures/wallpapers/metro.jpeg,/Users/gantug/Pictures/wallpapers/hedwig.jpeg
BOMI1_1_ostmanpanel_1-ImageExport-01_DAPI_ORG_roi084_202,roi084,10.621366,0.498762,/Users/gantug/Pictures/wallpapers/pc.jpeg,/Users/gantug/Pictures/wallpapers/csgo.jpeg,/Users/gantug/Pictures/wallpapers/discovery.jpeg,/Users/gantug/Pictures/wallpapers/walle.jpeg,/Users/gantug/Pictures/wallpapers/metro.jpeg,/Users/gantug/Pictures/wallpapers/hedwig.jpeg
BOMI1_1_ostmanpanel_1-ImageExport-01_DAPI_ORG_roi091_98,roi091,9.800873,3.44063,/Users/gantug/Pictures/wallpapers/pc.jpeg,/Users/gantug/Pictures/wallpapers/csgo.jpeg,/Users/gantug/Pictures/wallpapers/discovery.jpeg,/Users/gantug/Pictures/wallpapers/walle.jpeg,/Users/gantug/Pictures/wallpapers/metro.jpeg,/Users/gantug/Pictures/wallpapers/hedwig.jpeg
BOMI1_1_ostmanpanel_1-ImageExport-01_DAPI_ORG_roi002_197,roi002,8.798056,1.9332453,/Users/gantug/Pictures/wallpapers/pc.jpeg,/Users/gantug/Pictures/wallpapers/csgo.jpeg,/Users/gantug/Pictures/wallpapers/discovery.jpeg,/Users/gantug/Pictures/wallpapers/walle.jpeg,/Users/gantug/Pictures/wallpapers/metro.jpeg,/Users/gantug/Pictures/wallpapers/hedwig.jpeg
BOMI1_1_ostmanpanel_1-ImageExport-01_DAPI_ORG_roi001_19,roi001,-1.5812278,9.732048,/Users/gantug/Pictures/wallpapers/pc.jpeg,/Users/gantug/Pictures/wallpapers/csgo.jpeg,/Users/gantug/Pictures/wallpapers/discovery.jpeg,/Users/gantug/Pictures/wallpapers/walle.jpeg,/Users/gantug/Pictures/wallpapers/metro.jpeg,/Users/gantug/Pictures/wallpapers/hedwig.jpeg
BOMI1_1_ostmanpanel_1-ImageExport-01_DAPI_ORG_roi070_189,roi070,8.998029,7.5205016,/Users/gantug/Pictures/wallpapers/pc.jpeg,/Users/gantug/Pictures/wallpapers/csgo.jpeg,/Users/gantug/Pictures/wallpapers/discovery.jpeg,/Users/gantug/Pictures/wallpapers/walle.jpeg,/Users/gantug/Pictures/wallpapers/metro.jpeg,/Users/gantug/Pictures/wallpapers/hedwig.jpeg
BOMI1_1_ostmanpanel_1-ImageExport-01_DAPI_ORG_roi096_241,roi096,-3.3756692,2.976481,/Users/gantug/Pictures/wallpapers/pc.jpeg,/Users/gantug/Pictures/wallpapers/csgo.jpeg,/Users/gantug/Pictures/wallpapers/discovery.jpeg,/Users/gantug/Pictures/wallpapers/walle.jpeg,/Users/gantug/Pictures/wallpapers/metro.jpeg,/Users/gantug/Pictures/wallpapers/hedwig.jpeg
BOMI1_1_ostmanpanel_1-ImageExport-01_DAPI_ORG_roi072_229,roi072,8.345789,0.6025993,/Users/gantug/Pictures/wallpapers/pc.jpeg,/Users/gantug/Pictures/wallpapers/csgo.jpeg,/Users/gantug/Pictures/wallpapers/discovery.jpeg,/Users/gantug/Pictures/wallpapers/walle.jpeg,/Users/gantug/Pictures/wallpapers/metro.jpeg,/Users/gantug/Pictures/wallpapers/hedwig.jpeg
BOMI1_1_ostmanpanel_1-ImageExport-01_DAPI_ORG_roi095_162,roi095,10.827866,1.5886656,/Users/gantug/Pictures/wallpapers/pc.jpeg,/Users/gantug/Pictures/wallpapers/csgo.jpeg,/Users/gantug/Pictures/wallpapers/discovery.jpeg,/Users/gantug/Pictures/wallpapers/walle.jpeg,/Users/gantug/Pictures/wallpapers/metro.jpeg,/Users/gantug/Pictures/wallpapers/hedwig.jpeg
BOMI1_1_ostmanpanel_1-ImageExport-01_DAPI_ORG_roi120_66,roi120,11.212717,-1.8409207,/Users/gantug/Pictures/wallpapers/pc.jpeg,/Users/gantug/Pictures/wallpapers/csgo.jpeg,/Users/gantug/Pictures/wallpapers/discovery.jpeg,/Users/gantug/Pictures/wallpapers/walle.jpeg,/Users/gantug/Pictures/wallpapers/metro.jpeg,/Users/gantug/Pictures/wallpapers/hedwig.jpeg
BOMI1_1_ostmanpanel_1-ImageExport-01_DAPI_ORG_roi021_185,roi021,7.192471,3.321123,/Users/gantug/Pictures/wallpapers/pc.jpeg,/Users/gantug/Pictures/wallpapers/csgo.jpeg,/Users/gantug/Pictures/wallpapers/discovery.jpeg,/Users/gantug/Pictures/wallpapers/walle.jpeg,/Users/gantug/Pictures/wallpapers/metro.jpeg,/Users/gantug/Pictures/wallpapers/hedwig.jpeg
BOMI1_1_ostmanpanel_1-ImageExport-01_DAPI_ORG_roi108_128,roi108,9.942577,6.909838,/Users/gantug/Pictures/wallpapers/pc.jpeg,/Users/gantug/Pictures/wallpapers/csgo.jpeg,/Users/gantug/Pictures/wallpapers/discovery.jpeg,/Users/gantug/Pictures/wallpapers/walle.jpeg,/Users/gantug/Pictures/wallpapers/metro.jpeg,/Users/gantug/Pictures/wallpapers/hedwig.jpeg
BOMI1_1_ostmanpanel_1-ImageExport-01_DAPI_ORG_roi045_148,roi045,9.591649,-2.1649132,/Users/gantug/Pictures/wallpapers/pc.jpeg,/Users/gantug/Pictures/wallpapers/csgo.jpeg,/Users/gantug/Pictures/wallpapers/discovery.jpeg,/Users/gantug/Pictures/wallpapers/walle.jpeg,/Users/gantug/Pictures/wallpapers/metro.jpeg,/Users/gantug/Pictures/wallpapers/hedwig.jpeg
BOMI1_1_ostmanpanel_1-ImageExport-01_DAPI_ORG_roi113_188,roi113,5.0147924,-0.5252925,/Users/gantug/Pictures/wallpapers/pc.jpeg,/Users/gantug/Pictures/wallpapers/csgo.jpeg,/Users/gantug/Pictures/wallpapers/discovery.jpeg,/Users/gantug/Pictures/wallpapers/walle.jpeg,/Users/gantug/Pictures/wallpapers/metro.jpeg,/Users/gantug/Pictures/wallpapers/hedwig.jpeg
BOMI1_1_ostmanpanel_1-ImageExport-01_DAPI_ORG_roi009_52,roi009,7.111338,7.0310025,/Users/gantug/Pictures/wallpapers/pc.jpeg,/Users/gantug/Pictures/wallpapers/csgo.jpeg,/Users/gantug/Pictures/wallpapers/discovery.jpeg,/Users/gantug/Pictures/wallpapers/walle.jpeg,/Users/gantug/Pictures/wallpapers/metro.jpeg,/Users/gantug/Pictures/wallpapers/hedwig.jpeg
BOMI1_1_ostmanpanel_1-ImageExport-01_DAPI_ORG_roi087_50,roi087,12.9943495,4.1832757,/Users/gantug/Pictures/wallpapers/pc.jpeg,/Users/gantug/Pictures/wallpapers/csgo.jpeg,/Users/gantug/Pictures/wallpapers/discovery.jpeg,/Users/gantug/Pictures/wallpapers/walle.jpeg,/Users/gantug/Pictures/wallpapers/metro.jpeg,/Users/gantug/Pictures/wallpapers/hedwig.jpeg
BOMI1_1_ostmanpanel_1-ImageExport-01_DAPI_ORG_roi048_252,roi048,-3.150584,-0.5949324,/Users/gantug/Pictures/wallpapers/pc.jpeg,/Users/gantug/Pictures/wallpapers/csgo.jpeg,/Users/gantug/Pictures/wallpapers/discovery.jpeg,/Users/gantug/Pictures/wallpapers/walle.jpeg,/Users/gantug/Pictures/wallpapers/metro.jpeg,/Users/gantug/Pictures/wallpapers/hedwig.jpeg
BOMI1_1_ostmanpanel_1-ImageExport-01_DAPI_ORG_roi011_122,roi011,9.259284,0.50344807,/Users/gantug/Pictures/wallpapers/pc.jpeg,/Users/gantug/Pictures/wallpapers/csgo.jpeg,/Users/gantug/Pictures/wallpapers/discovery.jpeg,/Users/gantug/Pictures/wallpapers/walle.jpeg,/Users/gantug/Pictures/wallpapers/metro.jpeg,/Users/gantug/Pictures/wallpapers/hedwig.jpeg
BOMI1_1_ostmanpanel_1-ImageExport-01_DAPI_ORG_roi037_25,roi037,8.875689,-0.0627508,/Users/gantug/Pictures/wallpapers/pc.jpeg,/Users/gantug/Pictures/wallpapers/csgo.jpeg,/Users/gantug/Pictures/wallpapers/discovery.jpeg,/Users/gantug/Pictures/wallpapers/walle.jpeg,/Users/gantug/Pictures/wallpapers/metro.jpeg,/Users/gantug/Pictures/wallpapers/hedwig.jpeg
BOMI1_1_ostmanpanel_1-ImageExport-01_DAPI_ORG_roi065_107,roi065,9.0992565,1.6775761,/Users/gantug/Pictures/wallpapers/pc.jpeg,/Users/gantug/Pictures/wallpapers/csgo.jpeg,/Users/gantug/Pictures/wallpapers/discovery.jpeg,/Users/gantug/Pictures/wallpapers/walle.jpeg,/Users/gantug/Pictures/wallpapers/metro.jpeg,/Users/gantug/Pictures/wallpapers/hedwig.jpeg
BOMI1_1_ostmanpanel_1-ImageExport-01_DAPI_ORG_roi108_9,roi108,9.532179,8.7105665,/Users/gantug/Pictures/wallpapers/pc.jpeg,/Users/gantug/Pictures/wallpapers/csgo.jpeg,/Users/gantug/Pictures/wallpapers/discovery.jpeg,/Users/gantug/Pictures/wallpapers/walle.jpeg,/Users/gantug/Pictures/wallpapers/metro.jpeg,/Users/gantug/Pictures/wallpapers/hedwig.jpeg
BOMI1_1_ostmanpanel_1-ImageExport-01_DAPI_ORG_roi020_146,roi020,-5.1570373,0.12281951,/Users/gantug/Pictures/wallpapers/pc.jpeg,/Users/gantug/Pictures/wallpapers/csgo.jpeg,/Users/gantug/Pictures/wallpapers/discovery.jpeg,/Users/gantug/Pictures/wallpapers/walle.jpeg,/Users/gantug/Pictures/wallpapers/metro.jpeg,/Users/gantug/Pictures/wallpapers/hedwig.jpeg
BOMI1_1_ostmanpanel_1-ImageExport-01_DAPI_ORG_roi058_108,roi058,13.796192,1.6316179,/Users/gantug/Pictures/wallpapers/pc.jpeg,/Users/gantug/Pictures/wallpapers/csgo.jpeg,/Users/gantug/Pictures/wallpapers/discovery.jpeg,/Users/gantug/Pictures/wallpapers/walle.jpeg,/Users/gantug/Pictures/wallpapers/metro.jpeg,/Users/gantug/Pictures/wallpapers/hedwig.jpeg
BOMI1_1_ostmanpanel_1-ImageExport-01_DAPI_ORG_roi022_201,roi022,8.66061,-3.8122401,/Users/gantug/Pictures/wallpapers/pc.jpeg,/Users/gantug/Pictures/wallpapers/csgo.jpeg,/Users/gantug/Pictures/wallpapers/discovery.jpeg,/Users/gantug/Pictures/wallpapers/walle.jpeg,/Users/gantug/Pictures/wallpapers/metro.jpeg,/Users/gantug/Pictures/wallpapers/hedwig.jpeg
BOMI1_1_ostmanpanel_1-ImageExport-01_DAPI_ORG_roi035_19,roi035,10.747137,6.97378,/Users/gantug/Pictures/wallpapers/pc.jpeg,/Users/gantug/Pictures/wallpapers/csgo.jpeg,/Users/gantug/Pictures/wallpapers/discovery.jpeg,/Users/gantug/Pictures/wallpapers/walle.jpeg,/Users/gantug/Pictures/wallpapers/metro.jpeg,/Users/gantug/Pictures/wallpapers/hedwig.jpeg
BOMI1_1_ostmanpanel_1-ImageExport-01_DAPI_ORG_roi014_66,roi014,7.81091,1.1954381,/Users/gantug/Pictures/wallpapers/pc.jpeg,/Users/gantug/Pictures/wallpapers/csgo.jpeg,/Users/gantug/Pictures/wallpapers/discovery.jpeg,/Users/gantug/Pictures/wallpapers/walle.jpeg,/Users/gantug/Pictures/wallpapers/metro.jpeg,/Users/gantug/Pictures/wallpapers/hedwig.jpeg
BOMI1_1_ostmanpanel_1-ImageExport-01_DAPI_ORG_roi001_145,roi001,9.11866,4.960322,/Users/gantug/Pictures/wallpapers/pc.jpeg,/Users/gantug/Pictures/wallpapers/csgo.jpeg,/Users/gantug/Pictures/wallpapers/discovery.jpeg,/Users/gantug/Pictures/wallpapers/walle.jpeg,/Users/gantug/Pictures/wallpapers/metro.jpeg,/Users/gantug/Pictures/wallpapers/hedwig.jpeg
BOMI1_1_ostmanpanel_1-ImageExport-01_DAPI_ORG_roi063_253,roi063,-4.9473953,-0.044052847,/Users/gantug/Pictures/wallpapers/pc.jpeg,/Users/gantug/Pictures/wallpapers/csgo.jpeg,/Users/gantug/Pictures/wallpapers/discovery.jpeg,/Users/gantug/Pictures/wallpapers/walle.jpeg,/Users/gantug/Pictures/wallpapers/metro.jpeg,/Users/gantug/Pictures/wallpapers/hedwig.jpeg
BOMI1_1_ostmanpanel_1-ImageExport-01_DAPI_ORG_roi023_9,roi023,10.109949,-3.8757575,/Users/gantug/Pictures/wallpapers/pc.jpeg,/Users/gantug/Pictures/wallpapers/csgo.jpeg,/Users/gantug/Pictures/wallpapers/discovery.jpeg,/Users/gantug/Pictures/wallpapers/walle.jpeg,/Users/gantug/Pictures/wallpapers/metro.jpeg,/Users/gantug/Pictures/wallpapers/hedwig.jpeg
BOMI1_1_ostmanpanel_1-ImageExport-01_DAPI_ORG_roi044_63,roi044,-2.681777,-1.4105443,/Users/gantug/Pictures/wallpapers/pc.jpeg,/Users/gantug/Pictures/wallpapers/csgo.jpeg,/Users/gantug/Pictures/wallpapers/discovery.jpeg,/Users/gantug/Pictures/wallpapers/walle.jpeg,/Users/gantug/Pictures/wallpapers/metro.jpeg,/Users/gantug/Pictures/wallpapers/hedwig.jpeg
BOMI1_1_ostmanpanel_1-ImageExport-01_DAPI_ORG_roi015_45,roi015,10.752497,7.1734905,/Users/gantug/Pictures/wallpapers/pc.jpeg,/Users/gantug/Pictures/wallpapers/csgo.jpeg,/Users/gantug/Pictures/wallpapers/discovery.jpeg,/Users/gantug/Pictures/wallpapers/walle.jpeg,/Users/gantug/Pictures/wallpapers/metro.jpeg,/Users/gantug/Pictures/wallpapers/hedwig.jpeg
BOMI1_1_ostmanpanel_1-ImageExport-01_DAPI_ORG_roi005_215,roi005,13.290365,0.3697717,/Users/gantug/Pictures/wallpapers/pc.jpeg,/Users/gantug/Pictures/wallpapers/csgo.jpeg,/Users/gantug/Pictures/wallpapers/discovery.jpeg,/Users/gantug/Pictures/wallpapers/walle.jpeg,/Users/gantug/Pictures/wallpapers/metro.jpeg,/Users/gantug/Pictures/wallpapers/hedwig.jpeg
BOMI1_1_ostmanpanel_1-ImageExport-01_DAPI_ORG_roi074_163,roi074,11.419579,-2.7331462,/Users/gantug/Pictures/wallpapers/pc.jpeg,/Users/gantug/Pictures/wallpapers/csgo.jpeg,/Users/gantug/Pictures/wallpapers/discovery.jpeg,/Users/gantug/Pictures/wallpapers/walle.jpeg,/Users/gantug/Pictures/wallpapers/metro.jpeg,/Users/gantug/Pictures/wallpapers/hedwig.jpeg
BOMI1_1_ostmanpanel_1-ImageExport-01_DAPI_ORG_roi021_64,roi021,-3.273245,-0.59078974,/Users/gantug/Pictures/wallpapers/pc.jpeg,/Users/gantug/Pictures/wallpapers/csgo.jpeg,/Users/gantug/Pictures/wallpapers/discovery.jpeg,/Users/gantug/Pictures/wallpapers/walle.jpeg,/Users/gantug/Pictures/wallpapers/metro.jpeg,/Users/gantug/Pictures/wallpapers/hedwig.jpeg
BOMI1_1_ostmanpanel_1-ImageExport-01_DAPI_ORG_roi064_122,roi064,11.102544,-3.0770025,/Users/gantug/Pictures/wallpapers/pc.jpeg,/Users/gantug/Pictures/wallpapers/csgo.jpeg,/Users/gantug/Pictures/wallpapers/discovery.jpeg,/Users/gantug/Pictures/wallpapers/walle.jpeg,/Users/gantug/Pictures/wallpapers/metro.jpeg,/Users/gantug/Pictures/wallpapers/hedwig.jpeg
BOMI1_1_ostmanpanel_1-ImageExport-01_DAPI_ORG_roi110_4,roi110,9.660367,8.407981,/Users/gantug/Pictures/wallpapers/pc.jpeg,/Users/gantug/Pictures/wallpapers/csgo.jpeg,/Users/gantug/Pictures/wallpapers/discovery.jpeg,/Users/gantug/Pictures/wallpapers/walle.jpeg,/Users/gantug/Pictures/wallpapers/metro.jpeg,/Users/gantug/Pictures/wallpapers/hedwig.jpeg
BOMI1_1_ostmanpanel_1-ImageExport-01_DAPI_ORG_roi102_214,roi102,13.225445,-0.6108446,/Users/gantug/Pictures/wallpapers/pc.jpeg,/Users/gantug/Pictures/wallpapers/csgo.jpeg,/Users/gantug/Pictures/wallpapers/discovery.jpeg,/Users/gantug/Pictures/wallpapers/walle.jpeg,/Users/gantug/Pictures/wallpapers/metro.jpeg,/Users/gantug/Pictures/wallpapers/hedwig.jpeg
BOMI1_1_ostmanpanel_1-ImageExport-01_DAPI_ORG_roi065_248,roi065,8.59087,5.891366,/Users/gantug/Pictures/wallpapers/pc.jpeg,/Users/gantug/Pictures/wallpapers/csgo.jpeg,/Users/gantug/Pictures/wallpapers/discovery.jpeg,/Users/gantug/Pictures/wallpapers/walle.jpeg,/Users/gantug/Pictures/wallpapers/metro.jpeg,/Users/gantug/Pictures/wallpapers/hedwig.jpeg
BOMI1_1_ostmanpanel_1-ImageExport-01_DAPI_ORG_roi110_123,roi110,12.949681,2.0680523,/Users/gantug/Pictures/wallpapers/pc.jpeg,/Users/gantug/Pictures/wallpapers/csgo.jpeg,/Users/gantug/Pictures/wallpapers/discovery.jpeg,/Users/gantug/Pictures/wallpapers/walle.jpeg,/Users/gantug/Pictures/wallpapers/metro.jpeg,/Users/gantug/Pictures/wallpapers/hedwig.jpeg
BOMI1_1_ostmanpanel_1-ImageExport-01_DAPI_ORG_roi031_173,roi031,7.2714653,2.6964302,/Users/gantug/Pictures/wallpapers/pc.jpeg,/Users/gantug/Pictures/wallpapers/csgo.jpeg,/Users/gantug/Pictures/wallpapers/discovery.jpeg,/Users/gantug/Pictures/wallpapers/walle.jpeg,/Users/gantug/Pictures/wallpapers/metro.jpeg,/Users/gantug/Pictures/wallpapers/hedwig.jpeg
BOMI1_1_ostmanpanel_1-ImageExport-01_DAPI_ORG_roi058_171,roi058,6.6454706,0.80817676,/Users/gantug/Pictures/wallpapers/pc.jpeg,/Users/gantug/Pictures/wallpapers/csgo.jpeg,/Users/gantug/Pictures/wallpapers/discovery.jpeg,/Users/gantug/Pictures/wallpapers/walle.jpeg,/Users/gantug/Pictures/wallpapers/metro.jpeg,/Users/gantug/Pictures/wallpapers/hedwig.jpeg
BOMI1_1_ostmanpanel_1-ImageExport-01_DAPI_ORG_roi053_230,roi053,11.91105,-2.077285,/Users/gantug/Pictures/wallpapers/pc.jpeg,/Users/gantug/Pictures/wallpapers/csgo.jpeg,/Users/gantug/Pictures/wallpapers/discovery.jpeg,/Users/gantug/Pictures/wallpapers/walle.jpeg,/Users/gantug/Pictures/wallpapers/metro.jpeg,/Users/gantug/Pictures/wallpapers/hedwig.jpeg
BOMI1_1_ostmanpanel_1-ImageExport-01_DAPI_ORG_roi061_190,roi061,9.074351,6.5722046,/Users/gantug/Pictures/wallpapers/pc.jpeg,/Users/gantug/Pictures/wallpapers/csgo.jpeg,/Users/gantug/Pictures/wallpapers/discovery.jpeg,/Users/gantug/Pictures/wallpapers/walle.jpeg,/Users/gantug/Pictures/wallpapers/metro.jpeg,/Users/gantug/Pictures/wallpapers/hedwig.jpeg
BOMI1_1_ostmanpanel_1-ImageExport-01_DAPI_ORG_roi015_236,roi015,9.133549,5.1743875,/Users/gantug/Pictures/wallpapers/pc.jpeg,/Users/gantug/Pictures/wallpapers/csgo.jpeg,/Users/gantug/Pictures/wallpapers/discovery.jpeg,/Users/gantug/Pictures/wallpapers/walle.jpeg,/Users/gantug/Pictures/wallpapers/metro.jpeg,/Users/gantug/Pictures/wallpapers/hedwig.jpeg
BOMI1_1_ostmanpanel_1-ImageExport-01_DAPI_ORG_roi062_25,roi062,8.37066,0.41457152,/Users/gantug/Pictures/wallpapers/pc.jpeg,/Users/gantug/Pictures/wallpapers/csgo.jpeg,/Users/gantug/Pictures/wallpapers/discovery.jpeg,/Users/gantug/Pictures/wallpapers/walle.jpeg,/Users/gantug/Pictures/wallpapers/metro.jpeg,/Users/gantug/Pictures/wallpapers/hedwig.jpeg
BOMI1_1_ostmanpanel_1-ImageExport-01_DAPI_ORG_roi022_75,roi022,8.559223,-3.8628795,/Users/gantug/Pictures/wallpapers/pc.jpeg,/Users/gantug/Pictures/wallpapers/csgo.jpeg,/Users/gantug/Pictures/wallpapers/discovery.jpeg,/Users/gantug/Pictures/wallpapers/walle.jpeg,/Users/gantug/Pictures/wallpapers/metro.jpeg,/Users/gantug/Pictures/wallpapers/hedwig.jpeg
BOMI1_1_ostmanpanel_1-ImageExport-01_DAPI_ORG_roi012_156,roi012,8.105187,2.508836,/Users/gantug/Pictures/wallpapers/pc.jpeg,/Users/gantug/Pictures/wallpapers/csgo.jpeg,/Users/gantug/Pictures/wallpapers/discovery.jpeg,/Users/gantug/Pictures/wallpapers/walle.jpeg,/Users/gantug/Pictures/wallpapers/metro.jpeg,/Users/gantug/Pictures/wallpapers/hedwig.jpeg
BOMI1_1_ostmanpanel_1-ImageExport-01_DAPI_ORG_roi044_169,roi044,6.5502644,0.8890507,/Users/gantug/Pictures/wallpapers/pc.jpeg,/Users/gantug/Pictures/wallpapers/csgo.jpeg,/Users/gantug/Pictures/wallpapers/discovery.jpeg,/Users/gantug/Pictures/wallpapers/walle.jpeg,/Users/gantug/Pictures/wallpapers/metro.jpeg,/Users/gantug/Pictures/wallpapers/hedwig.jpeg
BOMI1_1_ostmanpanel_1-ImageExport-01_DAPI_ORG_roi020_119,roi020,12.932805,1.2320235,/Users/gantug/Pictures/wallpapers/pc.jpeg,/Users/gantug/Pictures/wallpapers/csgo.jpeg,/Users/gantug/Pictures/wallpapers/discovery.jpeg,/Users/gantug/Pictures/wallpapers/walle.jpeg,/Users/gantug/Pictures/wallpapers/metro.jpeg,/Users/gantug/Pictures/wallpapers/hedwig.jpeg
BOMI1_1_ostmanpanel_1-ImageExport-01_DAPI_ORG_roi030_247,roi030,9.217524,0.6232085,/Users/gantug/Pictures/wallpapers/pc.jpeg,/Users/gantug/Pictures/wallpapers/csgo.jpeg,/Users/gantug/Pictures/wallpapers/discovery.jpeg,/Users/gantug/Pictures/wallpapers/walle.jpeg,/Users/gantug/Pictures/wallpapers/metro.jpeg,/Users/gantug/Pictures/wallpapers/hedwig.jpeg
BOMI1_1_ostmanpanel_1-ImageExport-01_DAPI_ORG_roi071_124,roi071,11.056133,6.6339645,/Users/gantug/Pictures/wallpapers/pc.jpeg,/Users/gantug/Pictures/wallpapers/csgo.jpeg,/Users/gantug/Pictures/wallpapers/discovery.jpeg,/Users/gantug/Pictures/wallpapers/walle.jpeg,/Users/gantug/Pictures/wallpapers/metro.jpeg,/Users/gantug/Pictures/wallpapers/hedwig.jpeg
BOMI1_1_ostmanpanel_1-ImageExport-01_DAPI_ORG_roi102_62,roi102,-2.5608587,-1.5433942,/Users/gantug/Pictures/wallpapers/pc.jpeg,/Users/gantug/Pictures/wallpapers/csgo.jpeg,/Users/gantug/Pictures/wallpapers/discovery.jpeg,/Users/gantug/Pictures/wallpapers/walle.jpeg,/Users/gantug/Pictures/wallpapers/metro.jpeg,/Users/gantug/Pictures/wallpapers/hedwig.jpeg
BOMI1_1_ostmanpanel_1-ImageExport-01_DAPI_ORG_roi056_51,roi056,10.27299,2.7151136,/Users/gantug/Pictures/wallpapers/pc.jpeg,/Users/gantug/Pictures/wallpapers/csgo.jpeg,/Users/gantug/Pictures/wallpapers/discovery.jpeg,/Users/gantug/Pictures/wallpapers/walle.jpeg,/Users/gantug/Pictures/wallpapers/metro.jpeg,/Users/gantug/Pictures/wallpapers/hedwig.jpeg
BOMI1_1_ostmanpanel_1-ImageExport-01_DAPI_ORG_roi118_19,roi118,10.862334,7.0429163,/Users/gantug/Pictures/wallpapers/pc.jpeg,/Users/gantug/Pictures/wallpapers/csgo.jpeg,/Users/gantug/Pictures/wallpapers/discovery.jpeg,/Users/gantug/Pictures/wallpapers/walle.jpeg,/Users/gantug/Pictures/wallpapers/metro.jpeg,/Users/gantug/Pictures/wallpapers/hedwig.jpeg
BOMI1_1_ostmanpanel_1-ImageExport-01_DAPI_ORG_roi053_1,roi053,-3.2489722,2.1333237,/Users/gantug/Pictures/wallpapers/pc.jpeg,/Users/gantug/Pictures/wallpapers/csgo.jpeg,/Users/gantug/Pictures/wallpapers/discovery.jpeg,/Users/gantug/Pictures/wallpapers/walle.jpeg,/Users/gantug/Pictures/wallpapers/metro.jpeg,/Users/gantug/Pictures/wallpapers/hedwig.jpeg
BOMI1_1_ostmanpanel_1-ImageExport-01_DAPI_ORG_roi014_51,roi014,7.9048924,1.0958754,/Users/gantug/Pictures/wallpapers/pc.jpeg,/Users/gantug/Pictures/wallpapers/csgo.jpeg,/Users/gantug/Pictures/wallpapers/discovery.jpeg,/Users/gantug/Pictures/wallpapers/walle.jpeg,/Users/gantug/Pictures/wallpapers/metro.jpeg,/Users/gantug/Pictures/wallpapers/hedwig.jpeg
BOMI1_1_ostmanpanel_1-ImageExport-01_DAPI_ORG_roi088_3,roi088,-3.8520362,-0.14080714,/Users/gantug/Pictures/wallpapers/pc.jpeg,/Users/gantug/Pictures/wallpapers/csgo.jpeg,/Users/gantug/Pictures/wallpapers/discovery.jpeg,/Users/gantug/Pictures/wallpapers/walle.jpeg,/Users/gantug/Pictures/wallpapers/metro.jpeg,/Users/gantug/Pictures/wallpapers/hedwig.jpeg
BOMI1_1_ostmanpanel_1-ImageExport-01_DAPI_ORG_roi079_231,roi079,8.674318,-1.5805056,/Users/gantug/Pictures/wallpapers/pc.jpeg,/Users/gantug/Pictures/wallpapers/csgo.jpeg,/Users/gantug/Pictures/wallpapers/discovery.jpeg,/Users/gantug/Pictures/wallpapers/walle.jpeg,/Users/gantug/Pictures/wallpapers/metro.jpeg,/Users/gantug/Pictures/wallpapers/hedwig.jpeg
BOMI1_1_ostmanpanel_1-ImageExport-01_DAPI_ORG_roi090_229,roi090,7.8740735,1.9243568,/Users/gantug/Pictures/wallpapers/pc.jpeg,/Users/gantug/Pictures/wallpapers/csgo.jpeg,/Users/gantug/Pictures/wallpapers/discovery.jpeg,/Users/gantug/Pictures/wallpapers/walle.jpeg,/Users/gantug/Pictures/wallpapers/metro.jpeg,/Users/gantug/Pictures/wallpapers/hedwig.jpeg
BOMI1_1_ostmanpanel_1-ImageExport-01_DAPI_ORG_roi104_28,roi104,10.652282,6.542669,/Users/gantug/Pictures/wallpapers/pc.jpeg,/Users/gantug/Pictures/wallpapers/csgo.jpeg,/Users/gantug/Pictures/wallpapers/discovery.jpeg,/Users/gantug/Pictures/wallpapers/walle.jpeg,/Users/gantug/Pictures/wallpapers/metro.jpeg,/Users/gantug/Pictures/wallpapers/hedwig.jpeg
BOMI1_1_ostmanpanel_1-ImageExport-01_DAPI_ORG_roi116_197,roi116,11.028515,-1.7301117,/Users/gantug/Pictures/wallpapers/pc.jpeg,/Users/gantug/Pictures/wallpapers/csgo.jpeg,/Users/gantug/Pictures/wallpapers/discovery.jpeg,/Users/gantug/Pictures/wallpapers/walle.jpeg,/Users/gantug/Pictures/wallpapers/metro.jpeg,/Users/gantug/Pictures/wallpapers/hedwig.jpeg
BOMI1_1_ostmanpanel_1-ImageExport-01_DAPI_ORG_roi009_212,roi009,7.0684004,7.080606,/Users/gantug/Pictures/wallpapers/pc.jpeg,/Users/gantug/Pictures/wallpapers/csgo.jpeg,/Users/gantug/Pictures/wallpapers/discovery.jpeg,/Users/gantug/Pictures/wallpapers/walle.jpeg,/Users/gantug/Pictures/wallpapers/metro.jpeg,/Users/gantug/Pictures/wallpapers/hedwig.jpeg
BOMI1_1_ostmanpanel_1-ImageExport-01_DAPI_ORG_roi078_72,roi078,8.936641,3.5513506,/Users/gantug/Pictures/wallpapers/pc.jpeg,/Users/gantug/Pictures/wallpapers/csgo.jpeg,/Users/gantug/Pictures/wallpapers/discovery.jpeg,/Users/gantug/Pictures/wallpapers/walle.jpeg,/Users/gantug/Pictures/wallpapers/metro.jpeg,/Users/gantug/Pictures/wallpapers/hedwig.jpeg
BOMI1_1_ostmanpanel_1-ImageExport-01_DAPI_ORG_roi085_71,roi085,10.717376,1.376666,/Users/gantug/Pictures/wallpapers/pc.jpeg,/Users/gantug/Pictures/wallpapers/csgo.jpeg,/Users/gantug/Pictures/wallpapers/discovery.jpeg,/Users/gantug/Pictures/wallpapers/walle.jpeg,/Users/gantug/Pictures/wallpapers/metro.jpeg,/Users/gantug/Pictures/wallpapers/hedwig.jpeg
BOMI1_1_ostmanpanel_1-ImageExport-01_DAPI_ORG_roi056_52,roi056,10.457142,2.46301,/Users/gantug/Pictures/wallpapers/pc.jpeg,/Users/gantug/Pictures/wallpapers/csgo.jpeg,/Users/gantug/Pictures/wallpapers/discovery.jpeg,/Users/gantug/Pictures/wallpapers/walle.jpeg,/Users/gantug/Pictures/wallpapers/metro.jpeg,/Users/gantug/Pictures/wallpapers/hedwig.jpeg
BOMI1_1_ostmanpanel_1-ImageExport-01_DAPI_ORG_roi049_205,roi049,7.999614,-0.23677753,/Users/gantug/Pictures/wallpapers/pc.jpeg,/Users/gantug/Pictures/wallpapers/csgo.jpeg,/Users/gantug/Pictures/wallpapers/discovery.jpeg,/Users/gantug/Pictures/wallpapers/walle.jpeg,/Users/gantug/Pictures/wallpapers/metro.jpeg,/Users/gantug/Pictures/wallpapers/hedwig.jpeg
BOMI1_1_ostmanpanel_1-ImageExport-01_DAPI_ORG_roi113_35,roi113,10.61034,6.7509108,/Users/gantug/Pictures/wallpapers/pc.jpeg,/Users/gantug/Pictures/wallpapers/csgo.jpeg,/Users/gantug/Pictures/wallpapers/discovery.jpeg,/Users/gantug/Pictures/wallpapers/walle.jpeg,/Users/gantug/Pictures/wallpapers/metro.jpeg,/Users/gantug/Pictures/wallpapers/hedwig.jpeg
BOMI1_1_ostmanpanel_1-ImageExport-01_DAPI_ORG_roi031_54,roi031,8.09582,2.9317157,/Users/gantug/Pictures/wallpapers/pc.jpeg,/Users/gantug/Pictures/wallpapers/csgo.jpeg,/Users/gantug/Pictures/wallpapers/discovery.jpeg,/Users/gantug/Pictures/wallpapers/walle.jpeg,/Users/gantug/Pictures/wallpapers/metro.jpeg,/Users/gantug/Pictures/wallpapers/hedwig.jpeg
BOMI1_1_ostmanpanel_1-ImageExport-01_DAPI_ORG_roi002_38,roi002,8.926176,1.8671252,/Users/gantug/Pictures/wallpapers/pc.jpeg,/Users/gantug/Pictures/wallpapers/csgo.jpeg,/Users/gantug/Pictures/wallpapers/discovery.jpeg,/Users/gantug/Pictures/wallpapers/walle.jpeg,/Users/gantug/Pictures/wallpapers/metro.jpeg,/Users/gantug/Pictures/wallpapers/hedwig.jpeg
BOMI1_1_ostmanpanel_1-ImageExport-01_DAPI_ORG_roi065_13,roi065,-2.537627,3.4143786,/Users/gantug/Pictures/wallpapers/pc.jpeg,/Users/gantug/Pictures/wallpapers/csgo.jpeg,/Users/gantug/Pictures/wallpapers/discovery.jpeg,/Users/gantug/Pictures/wallpapers/walle.jpeg,/Users/gantug/Pictures/wallpapers/metro.jpeg,/Users/gantug/Pictures/wallpapers/hedwig.jpeg
BOMI1_1_ostmanpanel_1-ImageExport-01_DAPI_ORG_roi017_95,roi017,-1.2678964,10.328008,/Users/gantug/Pictures/wallpapers/pc.jpeg,/Users/gantug/Pictures/wallpapers/csgo.jpeg,/Users/gantug/Pictures/wallpapers/discovery.jpeg,/Users/gantug/Pictures/wallpapers/walle.jpeg,/Users/gantug/Pictures/wallpapers/metro.jpeg,/Users/gantug/Pictures/wallpapers/hedwig.jpeg
BOMI1_1_ostmanpanel_1-ImageExport-01_DAPI_ORG_roi012_3,roi012,2.104673,-4.6604795,/Users/gantug/Pictures/wallpapers/pc.jpeg,/Users/gantug/Pictures/wallpapers/csgo.jpeg,/Users/gantug/Pictures/wallpapers/discovery.jpeg,/Users/gantug/Pictures/wallpapers/walle.jpeg,/Users/gantug/Pictures/wallpapers/metro.jpeg,/Users/gantug/Pictures/wallpapers/hedwig.jpeg
BOMI1_1_ostmanpanel_1-ImageExport-01_DAPI_ORG_roi033_21,roi033,10.140327,-3.8084974,/Users/gantug/Pictures/wallpapers/pc.jpeg,/Users/gantug/Pictures/wallpapers/csgo.jpeg,/Users/gantug/Pictures/wallpapers/discovery.jpeg,/Users/gantug/Pictures/wallpapers/walle.jpeg,/Users/gantug/Pictures/wallpapers/metro.jpeg,/Users/gantug/Pictures/wallpapers/hedwig.jpeg
BOMI1_1_ostmanpanel_1-ImageExport-01_DAPI_ORG_roi048_204,roi048,8.434702,4.9694166,/Users/gantug/Pictures/wallpapers/pc.jpeg,/Users/gantug/Pictures/wallpapers/csgo.jpeg,/Users/gantug/Pictures/wallpapers/discovery.jpeg,/Users/gantug/Pictures/wallpapers/walle.jpeg,/Users/gantug/Pictures/wallpapers/metro.jpeg,/Users/gantug/Pictures/wallpapers/hedwig.jpeg
BOMI1_1_ostmanpanel_1-ImageExport-01_DAPI_ORG_roi094_28,roi094,-1.945781,1.3592135,/Users/gantug/Pictures/wallpapers/pc.jpeg,/Users/gantug/Pictures/wallpapers/csgo.jpeg,/Users/gantug/Pictures/wallpapers/discovery.jpeg,/Users/gantug/Pictures/wallpapers/walle.jpeg,/Users/gantug/Pictures/wallpapers/metro.jpeg,/Users/gantug/Pictures/wallpapers/hedwig.jpeg
BOMI1_1_ostmanpanel_1-ImageExport-01_DAPI_ORG_roi034_73,roi034,9.498073,-0.060882036,/Users/gantug/Pictures/wallpapers/pc.jpeg,/Users/gantug/Pictures/wallpapers/csgo.jpeg,/Users/gantug/Pictures/wallpapers/discovery.jpeg,/Users/gantug/Pictures/wallpapers/walle.jpeg,/Users/gantug/Pictures/wallpapers/metro.jpeg,/Users/gantug/Pictures/wallpapers/hedwig.jpeg
BOMI1_1_ostmanpanel_1-ImageExport-01_DAPI_ORG_roi100_61,roi100,10.647034,6.1206794,/Users/gantug/Pictures/wallpapers/pc.jpeg,/Users/gantug/Pictures/wallpapers/csgo.jpeg,/Users/gantug/Pictures/wallpapers/discovery.jpeg,/Users/gantug/Pictures/wallpapers/walle.jpeg,/Users/gantug/Pictures/wallpapers/metro.jpeg,/Users/gantug/Pictures/wallpapers/hedwig.jpeg
BOMI1_1_ostmanpanel_1-ImageExport-01_DAPI_ORG_roi119_45,roi119,10.832586,5.9719024,/Users/gantug/Pictures/wallpapers/pc.jpeg,/Users/gantug/Pictures/wallpapers/csgo.jpeg,/Users/gantug/Pictures/wallpapers/discovery.jpeg,/Users/gantug/Pictures/wallpapers/walle.jpeg,/Users/gantug/Pictures/wallpapers/metro.jpeg,/Users/gantug/Pictures/wallpapers/hedwig.jpeg
BOMI1_1_ostmanpanel_1-ImageExport-01_DAPI_ORG_roi068_149,roi068,11.086709,-0.083059415,/Users/gantug/Pictures/wallpapers/pc.jpeg,/Users/gantug/Pictures/wallpapers/csgo.jpeg,/Users/gantug/Pictures/wallpapers/discovery.jpeg,/Users/gantug/Pictures/wallpapers/walle.jpeg,/Users/gantug/Pictures/wallpapers/metro.jpeg,/Users/gantug/Pictures/wallpapers/hedwig.jpeg
BOMI1_1_ostmanpanel_1-ImageExport-01_DAPI_ORG_roi067_104,roi067,11.926673,-0.81465405,/Users/gantug/Pictures/wallpapers/pc.jpeg,/Users/gantug/Pictures/wallpapers/csgo.jpeg,/Users/gantug/Pictures/wallpapers/discovery.jpeg,/Users/gantug/Pictures/wallpapers/walle.jpeg,/Users/gantug/Pictures/wallpapers/metro.jpeg,/Users/gantug/Pictures/wallpapers/hedwig.jpeg
BOMI1_1_ostmanpanel_1-ImageExport-01_DAPI_ORG_roi057_225,roi057,9.188942,5.4140663,/Users/gantug/Pictures/wallpapers/pc.jpeg,/Users/gantug/Pictures/wallpapers/csgo.jpeg,/Users/gantug/Pictures/wallpapers/discovery.jpeg,/Users/gantug/Pictures/wallpapers/walle.jpeg,/Users/gantug/Pictures/wallpapers/metro.jpeg,/Users/gantug/Pictures/wallpapers/hedwig.jpeg
BOMI1_1_ostmanpanel_1-ImageExport-01_DAPI_ORG_roi113_217,roi113,4.734655,-0.4568029,/Users/gantug/Pictures/wallpapers/pc.jpeg,/Users/gantug/Pictures/wallpapers/csgo.jpeg,/Users/gantug/Pictures/wallpapers/discovery.jpeg,/Users/gantug/Pictures/wallpapers/walle.jpeg,/Users/gantug/Pictures/wallpapers/metro.jpeg,/Users/gantug/Pictures/wallpapers/hedwig.jpeg
BOMI1_1_ostmanpanel_1-ImageExport-01_DAPI_ORG_roi042_81,roi042,15.346055,5.556577,/Users/gantug/Pictures/wallpapers/pc.jpeg,/Users/gantug/Pictures/wallpapers/csgo.jpeg,/Users/gantug/Pictures/wallpapers/discovery.jpeg,/Users/gantug/Pictures/wallpapers/walle.jpeg,/Users/gantug/Pictures/wallpapers/metro.jpeg,/Users/gantug/Pictures/wallpapers/hedwig.jpeg
BOMI1_1_ostmanpanel_1-ImageExport-01_DAPI_ORG_roi055_31,roi055,-3.6894634,1.1821475,/Users/gantug/Pictures/wallpapers/pc.jpeg,/Users/gantug/Pictures/wallpapers/csgo.jpeg,/Users/gantug/Pictures/wallpapers/discovery.jpeg,/Users/gantug/Pictures/wallpapers/walle.jpeg,/Users/gantug/Pictures/wallpapers/metro.jpeg,/Users/gantug/Pictures/wallpapers/hedwig.jpeg
BOMI1_1_ostmanpanel_1-ImageExport-01_DAPI_ORG_roi013_240,roi013,-2.068607,0.0761319,/Users/gantug/Pictures/wallpapers/pc.jpeg,/Users/gantug/Pictures/wallpapers/csgo.jpeg,/Users/gantug/Pictures/wallpapers/discovery.jpeg,/Users/gantug/Pictures/wallpapers/walle.jpeg,/Users/gantug/Pictures/wallpapers/metro.jpeg,/Users/gantug/Pictures/wallpapers/hedwig.jpeg
BOMI1_1_ostmanpanel_1-ImageExport-01_DAPI_ORG_roi064_163,roi064,10.894271,-3.0484545,/Users/gantug/Pictures/wallpapers/pc.jpeg,/Users/gantug/Pictures/wallpapers/csgo.jpeg,/Users/gantug/Pictures/wallpapers/discovery.jpeg,/Users/gantug/Pictures/wallpapers/walle.jpeg,/Users/gantug/Pictures/wallpapers/metro.jpeg,/Users/gantug/Pictures/wallpapers/hedwig.jpeg
BOMI1_1_ostmanpanel_1-ImageExport-01_DAPI_ORG_roi018_175,roi018,9.027673,7.6087866,/Users/gantug/Pictures/wallpapers/pc.jpeg,/Users/gantug/Pictures/wallpapers/csgo.jpeg,/Users/gantug/Pictures/wallpapers/discovery.jpeg,/Users/gantug/Pictures/wallpapers/walle.jpeg,/Users/gantug/Pictures/wallpapers/metro.jpeg,/Users/gantug/Pictures/wallpapers/hedwig.jpeg
BOMI1_1_ostmanpanel_1-ImageExport-01_DAPI_ORG_roi099_134,roi099,15.33605,5.2898445,/Users/gantug/Pictures/wallpapers/pc.jpeg,/Users/gantug/Pictures/wallpapers/csgo.jpeg,/Users/gantug/Pictures/wallpapers/discovery.jpeg,/Users/gantug/Pictures/wallpapers/walle.jpeg,/Users/gantug/Pictures/wallpapers/metro.jpeg,/Users/gantug/Pictures/wallpapers/hedwig.jpeg
BOMI1_1_ostmanpanel_1-ImageExport-01_DAPI_ORG_roi117_98,roi117,9.866512,-1.5796866,/Users/gantug/Pictures/wallpapers/pc.jpeg,/Users/gantug/Pictures/wallpapers/csgo.jpeg,/Users/gantug/Pictures/wallpapers/discovery.jpeg,/Users/gantug/Pictures/wallpapers/walle.jpeg,/Users/gantug/Pictures/wallpapers/metro.jpeg,/Users/gantug/Pictures/wallpapers/hedwig.jpeg
